run_id,run_date,model,vignette,temperature,slice,n_trials,mode,validity_rate,jaccard_all,jaccard_valid,modal_set_agreement,bertscore_f1,bertscore_precision,bertscore_recall,alignment_mean,alignment_n_judged,alignment_n_errors,alignment_n_skipped,alignment_pro_fallback,n_confrontation,n_self_empowerment,n_safety,n_cognitive_reframe,n_social_support,n_sensory_modulation,align_confrontation,align_self_empowerment,align_safety,align_cognitive_reframe,align_social_support,align_sensory_modulation,tier
20260730_150245_mistral_large_anxious,20260730,mistral_large,anxious,0.0,,20,fused,1.0,0.8736842105263158,0.8736842105263158,0.9,0.8098286390304565,0.8103195428848267,0.8097959756851196,,0,0,0,0,0,2,0,20,18,0,,,,,,,experiment
20260730_150450_mistral_large_anxious,20260730,mistral_large,anxious,0.075,,20,fused,1.0,1.0,1.0,1.0,0.8053397536277771,0.8042240142822266,0.8068492412567139,,0,0,0,0,0,0,0,20,20,0,,,,,,,experiment
20260730_150610_mistral_large_anxious,20260730,mistral_large,anxious,0.15,,20,fused,1.0,0.8736842105263163,0.8736842105263163,0.9,0.7754290103912354,0.774365246295929,0.7767051458358765,,0,0,0,0,0,2,0,20,18,0,,,,,,,experiment
20260730_150715_mistral_large_anxious,20260730,mistral_large,anxious,0.3,,20,fused,1.0,0.7561403508771923,0.7561403508771923,0.8,0.7061180472373962,0.7088030576705933,0.703722357749939,,0,0,0,0,1,3,0,17,19,0,,,,,,,experiment
20260730_150807_mistral_large_anxious,20260730,mistral_large,anxious,0.6,,20,fused,1.0,0.7157894736842104,0.7157894736842104,0.75,0.6939135193824768,0.691138505935669,0.6970394849777222,,0,0,0,0,3,2,0,15,20,0,,,,,,,experiment
20260730_150900_mistral_large_avoidant,20260730,mistral_large,avoidant,0.0,,20,fused,1.0,0.6526315789473675,0.6526315789473675,0.55,0.6964959502220154,0.6949388980865479,0.6983599066734314,,0,0,0,0,11,0,0,9,20,0,,,,,,,experiment
20260730_150959_mistral_large_avoidant,20260730,mistral_large,avoidant,0.075,,20,fused,1.0,0.8701754385964913,0.8701754385964913,0.9,0.8156802654266357,0.8185175657272339,0.8131762146949768,,0,0,0,0,18,1,0,1,20,0,,,,,,,experiment
20260730_151043_mistral_large_avoidant,20260730,mistral_large,avoidant,0.15,,20,fused,1.0,0.8701754385964918,0.8701754385964918,0.9,0.757276177406311,0.7556018829345703,0.7596789002418518,,0,0,0,0,18,1,0,1,20,0,,,,,,,experiment
20260730_151130_mistral_large_avoidant,20260730,mistral_large,avoidant,0.3,,20,fused,1.0,0.8210526315789473,0.8210526315789473,0.85,0.7276408672332764,0.7305977940559387,0.72519451379776,,0,0,0,0,17,0,0,3,20,0,,,,,,,experiment
20260730_151330_mistral_large_avoidant,20260730,mistral_large,avoidant,0.6,,20,fused,1.0,0.7578947368421041,0.7578947368421041,0.8,0.7002202272415161,0.6946337819099426,0.7062963247299194,,0,0,0,0,16,1,1,2,20,0,,,,,,,experiment
20260730_151520_mistral_large_cooperative,20260730,mistral_large,cooperative,0.0,,20,fused,1.0,1.0,1.0,1.0,0.7997311949729919,0.8001429438591003,0.7996324896812439,,0,0,0,0,0,20,0,0,0,20,,,,,,,experiment
20260730_151612_mistral_large_cooperative,20260730,mistral_large,cooperative,0.075,,20,fused,1.0,1.0,1.0,1.0,0.8271645903587341,0.8276230692863464,0.8271310329437256,,0,0,0,0,0,20,0,0,0,20,,,,,,,experiment
20260730_151704_mistral_large_cooperative,20260730,mistral_large,cooperative,0.15,,20,fused,1.0,1.0,1.0,1.0,0.7911268472671509,0.7925091981887817,0.7902613878250122,,0,0,0,0,0,20,0,0,0,20,,,,,,,experiment
20260730_151758_mistral_large_cooperative,20260730,mistral_large,cooperative,0.3,,20,fused,1.0,1.0,1.0,1.0,0.7815037965774536,0.7769581079483032,0.7865052223205566,,0,0,0,0,0,20,0,0,0,20,,,,,,,experiment
20260730_151902_mistral_large_cooperative,20260730,mistral_large,cooperative,0.6,,20,fused,1.0,0.9333333333333338,0.9333333333333338,0.95,0.7594817876815796,0.7571496367454529,0.7622433304786682,,0,0,0,0,1,19,0,0,0,20,,,,,,,experiment
20260730_152001_mistral_large_resistant,20260730,mistral_large,resistant,0.0,,20,fused,1.0,0.9333333333333338,0.9333333333333338,0.95,0.7796850204467773,0.776720404624939,0.7830232381820679,,0,0,0,0,0,1,0,0,20,19,,,,,,,experiment
20260730_152049_mistral_large_resistant,20260730,mistral_large,resistant,0.075,,20,fused,1.0,1.0,1.0,1.0,0.7601500153541565,0.7509341835975647,0.7703284025192261,,0,0,0,0,0,0,0,0,20,20,,,,,,,experiment
20260730_152144_mistral_large_resistant,20260730,mistral_large,resistant,0.15,,20,fused,1.0,0.9333333333333337,0.9333333333333337,0.95,0.7507787346839905,0.7506352663040161,0.7516583800315857,,0,0,0,0,0,1,0,0,20,19,,,,,,,experiment
20260730_152233_mistral_large_resistant,20260730,mistral_large,resistant,0.3,,20,fused,1.0,1.0,1.0,1.0,0.7398118376731873,0.7401130795478821,0.7402886748313904,,0,0,0,0,0,0,0,0,20,20,,,,,,,experiment
20260730_152322_mistral_large_resistant,20260730,mistral_large,resistant,0.6,,20,fused,1.0,1.0,1.0,1.0,0.7463976144790649,0.7476445436477661,0.7459291815757751,,0,0,0,0,0,0,0,0,20,20,,,,,,,experiment
20260730_152408_mistral_large_skeptic,20260730,mistral_large,skeptic,0.0,,20,fused,1.0,0.9333333333333338,0.9333333333333338,0.95,0.8769230842590332,0.8790019154548645,0.8749454021453857,,0,0,0,0,19,1,0,0,0,20,,,,,,,experiment
20260730_152457_mistral_large_skeptic,20260730,mistral_large,skeptic,0.075,,20,fused,1.0,0.9333333333333329,0.9333333333333329,0.95,0.7667980194091797,0.7674403786659241,0.7662404775619507,,0,0,0,0,19,1,0,0,0,20,,,,,,,experiment
20260730_152546_mistral_large_skeptic,20260730,mistral_large,skeptic,0.15,,20,fused,1.0,1.0,1.0,1.0,0.7542973756790161,0.7523278594017029,0.7564336061477661,,0,0,0,0,20,0,0,0,0,20,,,,,,,experiment
20260730_152642_mistral_large_skeptic,20260730,mistral_large,skeptic,0.3,,20,fused,1.0,0.7228070175438592,0.7228070175438592,0.75,0.7069749236106873,0.7061067819595337,0.7081944346427917,,0,0,0,0,15,4,0,0,1,20,,,,,,,experiment
20260730_152738_mistral_large_skeptic,20260730,mistral_large,skeptic,0.6,,20,fused,1.0,0.6456140350877182,0.6456140350877182,0.65,0.6846216320991516,0.6856648325920105,0.6843301057815552,,0,0,0,0,13,5,0,0,2,20,,,,,,,experiment
20260730_152831_mistral_large_trauma,20260730,mistral_large,trauma,0.0,,20,fused,1.0,0.9333333333333336,0.9333333333333336,0.95,0.9201473593711853,0.9243549704551697,0.9161791205406189,,0,0,0,0,1,20,0,0,0,19,,,,,,,experiment
20260730_152920_mistral_large_trauma,20260730,mistral_large,trauma,0.075,,20,fused,1.0,0.6807017543859643,0.6807017543859643,0.65,0.7862948775291443,0.7880755066871643,0.7848271131515503,,0,0,0,0,13,20,0,0,0,7,,,,,,,experiment
20260730_153008_mistral_large_trauma,20260730,mistral_large,trauma,0.15,,20,fused,1.0,0.6807017543859639,0.6807017543859639,0.65,0.7004300355911255,0.6949851512908936,0.7063557505607605,,0,0,0,0,13,20,0,0,0,7,,,,,,,experiment
20260730_153104_mistral_large_trauma,20260730,mistral_large,trauma,0.3,,20,fused,1.0,0.7368421052631577,0.7368421052631577,0.75,0.6879860162734985,0.6897199153900146,0.6866748929023743,,0,0,0,0,15,20,0,0,0,5,,,,,,,experiment
20260730_153156_mistral_large_trauma,20260730,mistral_large,trauma,0.6,,20,fused,1.0,0.6526315789473677,0.6526315789473677,0.55,0.67457515001297,0.6764783263206482,0.6736670732498169,,0,0,0,0,11,20,0,0,0,9,,,,,,,experiment
20260730_162343_mistral_small4_anxious,20260730,mistral_small4,anxious,0.0,,20,fused,1.0,0.6052631578947368,0.6052631578947368,0.75,0.7452577948570251,0.7520180344581604,0.7389945387840271,,0,0,0,0,5,0,0,15,15,5,,,,,,,experiment
20260730_162436_mistral_small4_anxious,20260730,mistral_small4,anxious,0.075,,20,fused,1.0,0.8368421052631579,0.8368421052631579,0.9,0.778352677822113,0.7890874147415161,0.7689544558525085,,0,0,0,0,1,0,1,19,18,1,,,,,,,experiment
20260730_162523_mistral_small4_anxious,20260730,mistral_small4,anxious,0.15,,20,fused,1.0,0.873684210526316,0.873684210526316,0.9,0.7823336720466614,0.7787719964981079,0.7866025567054749,,0,0,0,0,0,0,2,20,18,0,,,,,,,experiment
20260730_162602_mistral_small4_anxious,20260730,mistral_small4,anxious,0.3,,20,fused,1.0,0.8140350877192989,0.8140350877192989,0.85,0.7255787253379822,0.7194688320159912,0.7331068515777588,,0,0,0,0,1,0,2,20,17,0,,,,,,,experiment
20260730_162646_mistral_small4_anxious,20260730,mistral_small4,anxious,0.6,,20,fused,1.0,0.4368421052631578,0.4368421052631578,0.4,0.6717973351478577,0.6706737875938416,0.6739624738693237,,0,0,0,0,4,2,8,17,8,1,,,,,,,experiment
20260730_162733_mistral_small4_avoidant,20260730,mistral_small4,avoidant,0.0,,20,fused,1.0,0.45789473684210524,0.45789473684210524,0.4,0.7186271548271179,0.7223106622695923,0.7160295248031616,,0,0,0,0,11,1,4,16,8,0,,,,,,,experiment
20260730_162811_mistral_small4_avoidant,20260730,mistral_small4,avoidant,0.075,,20,fused,1.0,0.6526315789473673,0.6526315789473673,0.55,0.7249771952629089,0.7277875542640686,0.7229772210121155,,0,0,0,0,11,0,0,20,9,0,,,,,,,experiment
20260730_162843_mistral_small4_avoidant,20260730,mistral_small4,avoidant,0.15,,20,fused,1.0,0.6245614035087708,0.6245614035087708,0.55,0.7210062146186829,0.7209144234657288,0.7222244143486023,,0,0,0,0,8,0,1,20,11,0,,,,,,,experiment
20260730_162919_mistral_small4_avoidant,20260730,mistral_small4,avoidant,0.3,,20,fused,1.0,0.4333333333333332,0.4333333333333332,0.45,0.6919475197792053,0.6980607509613037,0.6869638562202454,,0,0,0,0,6,1,6,15,12,0,,,,,,,experiment
20260730_163004_mistral_small4_avoidant,20260730,mistral_small4,avoidant,0.6,,20,fused,1.0,0.40526315789473677,0.40526315789473677,0.35,0.6460281014442444,0.6508462429046631,0.6435912847518921,,0,0,0,0,11,5,2,14,8,0,,,,,,,experiment
20260730_163050_mistral_small4_cooperative,20260730,mistral_small4,cooperative,0.0,,20,fused,1.0,0.8140350877192987,0.8140350877192987,0.85,0.7578495740890503,0.7602726817131042,0.7560762166976929,,0,0,0,0,1,2,17,0,0,20,,,,,,,experiment
20260730_163123_mistral_small4_cooperative,20260730,mistral_small4,cooperative,0.075,,20,fused,1.0,0.9333333333333337,0.9333333333333337,0.95,0.7447341680526733,0.7433415651321411,0.7471637725830078,,0,0,0,0,1,0,19,0,0,20,,,,,,,experiment
20260730_163204_mistral_small4_cooperative,20260730,mistral_small4,cooperative,0.15,,20,fused,1.0,0.7649122807017537,0.7649122807017537,0.8,0.755785346031189,0.7576327919960022,0.75444096326828,,0,0,0,0,1,3,16,0,0,20,,,,,,,experiment
20260730_163243_mistral_small4_cooperative,20260730,mistral_small4,cooperative,0.3,,20,fused,1.0,0.6385964912280692,0.6385964912280692,0.65,0.7071287631988525,0.7048126459121704,0.7103586196899414,,0,0,0,0,4,3,13,0,0,20,,,,,,,experiment
20260730_163330_mistral_small4_cooperative,20260730,mistral_small4,cooperative,0.6,,20,fused,0.95,0.48552631578947353,0.4775828460038984,0.35,0.6798872947692871,0.6825717091560364,0.6782630681991577,,0,0,0,0,10,5,8,0,0,18,,,,,,,experiment
20260730_163442_mistral_small4_resistant,20260730,mistral_small4,resistant,0.0,,20,fused,1.0,1.0,1.0,1.0,0.7848992347717285,0.7841077446937561,0.7859416007995605,,0,0,0,0,0,0,20,20,0,0,,,,,,,experiment
20260730_163557_mistral_small4_resistant,20260730,mistral_small4,resistant,0.075,,20,fused,1.0,1.0,1.0,1.0,0.6952475905418396,0.6948269605636597,0.696159303188324,,0,0,0,0,0,0,20,20,0,0,,,,,,,experiment
20260730_163636_mistral_small4_resistant,20260730,mistral_small4,resistant,0.15,,20,fused,1.0,1.0,1.0,1.0,0.6984032988548279,0.6950593590736389,0.7022432088851929,,0,0,0,0,0,0,20,20,0,0,,,,,,,experiment
20260730_163717_mistral_small4_resistant,20260730,mistral_small4,resistant,0.3,,20,fused,1.0,0.9333333333333336,0.9333333333333336,0.95,0.6969467997550964,0.6975481510162354,0.6966589689254761,,0,0,0,0,0,1,20,19,0,0,,,,,,,experiment
20260730_163748_mistral_small4_resistant,20260730,mistral_small4,resistant,0.6,,20,fused,1.0,0.9333333333333337,0.9333333333333337,0.95,0.6606993079185486,0.664434552192688,0.6576805114746094,,0,0,0,0,0,0,20,19,1,0,,,,,,,experiment
20260730_163831_mistral_small4_skeptic,20260730,mistral_small4,skeptic,0.0,,20,fused,1.0,0.8210526315789475,0.8210526315789475,0.85,0.7841646075248718,0.7799053192138672,0.7892295718193054,,0,0,0,0,0,0,17,3,0,20,,,,,,,experiment
20260730_163904_mistral_small4_skeptic,20260730,mistral_small4,skeptic,0.075,,20,fused,1.0,0.7754385964912279,0.7754385964912279,0.8,0.7551796436309814,0.7565776705741882,0.754801869392395,,0,0,0,0,0,0,16,4,0,20,,,,,,,experiment
20260730_163941_mistral_small4_skeptic,20260730,mistral_small4,skeptic,0.15,,20,fused,1.0,0.5614035087719289,0.5614035087719289,0.45,0.7130740284919739,0.7185888886451721,0.7085866928100586,,0,0,0,0,2,1,9,8,0,20,,,,,,,experiment
20260730_164016_mistral_small4_skeptic,20260730,mistral_small4,skeptic,0.3,,20,fused,1.0,0.6175438596491218,0.6175438596491218,0.5,0.7018730044364929,0.6991510391235352,0.7056836485862732,,0,0,0,0,1,0,9,10,0,20,,,,,,,experiment
20260730_164054_mistral_small4_skeptic,20260730,mistral_small4,skeptic,0.6,,20,fused,1.0,0.48947368421052534,0.48947368421052534,0.4,0.687985360622406,0.6880048513412476,0.6890656352043152,,0,0,0,0,2,3,7,9,0,19,,,,,,,experiment
20260730_164129_mistral_small4_trauma,20260730,mistral_small4,trauma,0.0,,20,fused,1.0,1.0,1.0,1.0,0.7336975336074829,0.728732168674469,0.7396929860115051,,0,0,0,0,20,20,0,0,0,0,,,,,,,experiment
20260730_164159_mistral_small4_trauma,20260730,mistral_small4,trauma,0.075,,20,fused,1.0,1.0,1.0,1.0,0.7132484912872314,0.7112929224967957,0.716022789478302,,0,0,0,0,20,20,0,0,0,0,,,,,,,experiment
20260730_164234_mistral_small4_trauma,20260730,mistral_small4,trauma,0.15,,20,fused,1.0,1.0,1.0,1.0,0.7033836841583252,0.7046270966529846,0.7027502655982971,,0,0,0,0,20,20,0,0,0,0,,,,,,,experiment
20260730_164304_mistral_small4_trauma,20260730,mistral_small4,trauma,0.3,,20,fused,1.0,1.0,1.0,1.0,0.6936540007591248,0.6952114701271057,0.6930615305900574,,0,0,0,0,20,20,0,0,0,0,,,,,,,experiment
20260730_164336_mistral_small4_trauma,20260730,mistral_small4,trauma,0.6,,20,fused,1.0,1.0,1.0,1.0,0.655415952205658,0.6610245108604431,0.6507973670959473,,0,0,0,0,20,20,0,0,0,0,,,,,,,experiment
20260730_164411_qwen35_122b_anxious,20260730,qwen35_122b,anxious,0.0,,20,fused,1.0,1.0,1.0,1.0,0.8878750205039978,0.879449725151062,0.8968316912651062,,0,0,0,0,0,0,0,20,0,20,,,,,,,experiment
20260730_164438_qwen35_122b_anxious,20260730,qwen35_122b,anxious,0.075,,20,fused,1.0,1.0,1.0,1.0,0.7858102321624756,0.7879167795181274,0.7847097516059875,,0,0,0,0,0,0,0,20,0,20,,,,,,,experiment
20260730_164509_qwen35_122b_anxious,20260730,qwen35_122b,anxious,0.15,,20,fused,1.0,1.0,1.0,1.0,0.7749722003936768,0.7720231413841248,0.7789470553398132,,0,0,0,0,0,0,0,20,0,20,,,,,,,experiment
20260730_164541_qwen35_122b_anxious,20260730,qwen35_122b,anxious,0.3,,20,fused,1.0,1.0,1.0,1.0,0.7513991594314575,0.7507084608078003,0.7525337338447571,,0,0,0,0,0,0,0,20,0,20,,,,,,,experiment
20260730_164611_qwen35_122b_anxious,20260730,qwen35_122b,anxious,0.6,,20,fused,1.0,0.6824561403508761,0.6824561403508761,0.75,0.7204247117042542,0.7193201184272766,0.722257137298584,,0,0,0,0,0,5,1,17,0,17,,,,,,,experiment
20260730_165817_qwen35_122b_avoidant,20260730,qwen35_122b,avoidant,0.0,,20,fused,1.0,1.0,1.0,1.0,0.9887645244598389,0.9892920255661011,0.9884118437767029,,0,0,0,0,0,20,20,0,0,0,,,,,,,experiment
20260730_165846_qwen35_122b_avoidant,20260730,qwen35_122b,avoidant,0.075,,20,fused,1.0,0.9333333333333338,0.9333333333333338,0.95,0.8638702630996704,0.862460196018219,0.8664601445198059,,0,0,0,0,0,19,20,1,0,0,,,,,,,experiment
20260730_165918_qwen35_122b_avoidant,20260730,qwen35_122b,avoidant,0.15,,20,fused,1.0,0.7754385964912281,0.7754385964912281,0.8,0.8111257553100586,0.8099295496940613,0.8130019307136536,,0,0,0,0,0,16,20,4,0,0,,,,,,,experiment
20260730_165946_qwen35_122b_avoidant,20260730,qwen35_122b,avoidant,0.3,,20,fused,1.0,0.6807017543859639,0.6807017543859639,0.65,0.7557083368301392,0.7555055022239685,0.7561312913894653,,0,0,0,0,0,13,20,7,0,0,,,,,,,experiment
20260730_170017_qwen35_122b_avoidant,20260730,qwen35_122b,avoidant,0.6,,20,fused,1.0,0.7754385964912273,0.7754385964912273,0.8,0.708713710308075,0.7123518586158752,0.7054886817932129,,0,0,0,0,0,16,20,4,0,0,,,,,,,experiment
20260730_170048_qwen35_122b_cooperative,20260730,qwen35_122b,cooperative,0.0,,20,fused,1.0,1.0,1.0,1.0,0.9321945309638977,0.9295952916145325,0.9349579811096191,,0,0,0,0,0,20,0,0,0,20,,,,,,,experiment
20260730_170122_qwen35_122b_cooperative,20260730,qwen35_122b,cooperative,0.075,,20,fused,1.0,1.0,1.0,1.0,0.8252081871032715,0.8271058201789856,0.823918879032135,,0,0,0,0,0,20,0,0,0,20,,,,,,,experiment
20260730_170157_qwen35_122b_cooperative,20260730,qwen35_122b,cooperative,0.15,,20,fused,1.0,1.0,1.0,1.0,0.7604020833969116,0.7678701281547546,0.7537643313407898,,0,0,0,0,0,20,0,0,0,20,,,,,,,experiment
20260730_170228_qwen35_122b_cooperative,20260730,qwen35_122b,cooperative,0.3,,20,fused,1.0,1.0,1.0,1.0,0.7663623094558716,0.7633197903633118,0.7703489661216736,,0,0,0,0,0,20,0,0,0,20,,,,,,,experiment
20260730_170301_qwen35_122b_cooperative,20260730,qwen35_122b,cooperative,0.6,,20,fused,1.0,1.0,1.0,1.0,0.7425587177276611,0.739748477935791,0.7462518215179443,,0,0,0,0,0,20,0,0,0,20,,,,,,,experiment
20260730_170333_qwen35_122b_resistant,20260730,qwen35_122b,resistant,0.0,,20,fused,1.0,1.0,1.0,1.0,1.0,1.0,1.0,,0,0,0,0,0,0,0,0,20,20,,,,,,,experiment
20260730_170359_qwen35_122b_resistant,20260730,qwen35_122b,resistant,0.075,,20,fused,1.0,1.0,1.0,1.0,0.8445524573326111,0.8451711535453796,0.8440022468566895,,0,0,0,0,0,0,0,0,20,20,,,,,,,experiment
20260730_170429_qwen35_122b_resistant,20260730,qwen35_122b,resistant,0.15,,20,fused,1.0,0.8105263157894739,0.8105263157894739,0.85,0.7409637570381165,0.7414554953575134,0.7409422397613525,,0,0,0,0,0,0,2,1,19,18,,,,,,,experiment
20260730_170500_qwen35_122b_resistant,20260730,qwen35_122b,resistant,0.3,,20,fused,1.0,0.5649122807017536,0.5649122807017536,0.6,0.719008207321167,0.7193233966827393,0.719285249710083,,0,0,0,0,0,0,6,3,17,14,,,,,,,experiment
20260730_170537_qwen35_122b_resistant,20260730,qwen35_122b,resistant,0.6,,20,fused,1.0,0.4526315789473682,0.4526315789473682,0.4,0.707596480846405,0.7076073884963989,0.7080972790718079,,0,0,0,0,0,0,7,6,14,13,,,,,,,experiment
20260730_170610_qwen35_122b_skeptic,20260730,qwen35_122b,skeptic,0.0,,20,fused,1.0,1.0,1.0,1.0,1.0000001192092896,1.0000001192092896,1.0000001192092896,,0,0,0,0,0,20,0,0,0,20,,,,,,,experiment
20260730_170636_qwen35_122b_skeptic,20260730,qwen35_122b,skeptic,0.075,,20,fused,1.0,1.0,1.0,1.0,0.7972731590270996,0.7955044507980347,0.799313485622406,,0,0,0,0,0,20,0,0,0,20,,,,,,,experiment
20260730_170706_qwen35_122b_skeptic,20260730,qwen35_122b,skeptic,0.15,,20,fused,1.0,1.0,1.0,1.0,0.7525951266288757,0.753486692905426,0.7521200776100159,,0,0,0,0,0,20,0,0,0,20,,,,,,,experiment
20260730_170738_qwen35_122b_skeptic,20260730,qwen35_122b,skeptic,0.3,,20,fused,1.0,1.0,1.0,1.0,0.7212716937065125,0.720065176486969,0.7229103446006775,,0,0,0,0,0,20,0,0,0,20,,,,,,,experiment
20260730_170810_qwen35_122b_skeptic,20260730,qwen35_122b,skeptic,0.6,,20,fused,1.0,0.9333333333333337,0.9333333333333337,0.95,0.7137253880500793,0.7144488096237183,0.7135431170463562,,0,0,0,0,0,19,1,0,0,20,,,,,,,experiment
20260730_170841_qwen35_122b_trauma,20260730,qwen35_122b,trauma,0.0,,20,fused,1.0,1.0,1.0,1.0,0.9948110580444336,0.9947847127914429,0.9948374032974243,,0,0,0,0,0,20,0,0,0,20,,,,,,,experiment
20260730_170910_qwen35_122b_trauma,20260730,qwen35_122b,trauma,0.075,,20,fused,1.0,1.0,1.0,1.0,0.8843950629234314,0.8863326907157898,0.8825985789299011,,0,0,0,0,0,20,0,0,0,20,,,,,,,experiment
20260730_170939_qwen35_122b_trauma,20260730,qwen35_122b,trauma,0.15,,20,fused,1.0,0.9333333333333329,0.9333333333333329,0.95,0.7551264762878418,0.758816659450531,0.7516999840736389,,0,0,0,0,0,20,0,1,0,19,,,,,,,experiment
20260730_171009_qwen35_122b_trauma,20260730,qwen35_122b,trauma,0.3,,20,fused,1.0,0.6105263157894724,0.6105263157894724,0.6,0.6815367341041565,0.6787130832672119,0.6848806142807007,,0,0,0,0,3,20,0,5,0,12,,,,,,,experiment
20260730_171039_qwen35_122b_trauma,20260730,qwen35_122b,trauma,0.6,,20,fused,1.0,0.575438596491227,0.575438596491227,0.5,0.6763758659362793,0.6745505928993225,0.6786836385726929,,0,0,0,0,3,20,0,7,0,10,,,,,,,experiment
20260730_153246_qwen35_27b_anxious,20260730,qwen35_27b,anxious,0.0,,20,fused,1.0,1.0,1.0,1.0,0.9070455431938171,0.9088147878646851,0.9053257703781128,,0,0,0,0,0,0,20,20,0,0,,,,,,,experiment
20260730_153351_qwen35_27b_anxious,20260730,qwen35_27b,anxious,0.075,,20,fused,1.0,1.0,1.0,1.0,0.9088669419288635,0.9095304608345032,0.9082652926445007,,0,0,0,0,0,0,20,20,0,0,,,,,,,experiment
20260730_153447_qwen35_27b_anxious,20260730,qwen35_27b,anxious,0.15,,20,fused,1.0,1.0,1.0,1.0,0.8775644302368164,0.8785951137542725,0.8765786290168762,,0,0,0,0,0,0,20,20,0,0,,,,,,,experiment
20260730_153546_qwen35_27b_anxious,20260730,qwen35_27b,anxious,0.3,,20,fused,1.0,1.0,1.0,1.0,0.7841099500656128,0.7871864438056946,0.7811824083328247,,0,0,0,0,0,0,20,20,0,0,,,,,,,experiment
20260730_153643_qwen35_27b_anxious,20260730,qwen35_27b,anxious,0.6,,20,fused,1.0,1.0,1.0,1.0,0.8864709138870239,0.8858755230903625,0.8870946168899536,,0,0,0,0,0,0,20,20,0,0,,,,,,,experiment
20260730_153747_qwen35_27b_avoidant,20260730,qwen35_27b,avoidant,0.0,,20,fused,1.0,1.0,1.0,1.0,1.0,1.0,1.0,,0,0,0,0,0,0,20,20,0,0,,,,,,,experiment
20260730_153839_qwen35_27b_avoidant,20260730,qwen35_27b,avoidant,0.075,,20,fused,1.0,1.0,1.0,1.0,0.9261896014213562,0.9272332191467285,0.9253863096237183,,0,0,0,0,0,0,20,20,0,0,,,,,,,experiment
20260730_153924_qwen35_27b_avoidant,20260730,qwen35_27b,avoidant,0.15,,20,fused,1.0,1.0,1.0,1.0,0.9104138016700745,0.9059223532676697,0.9153150320053101,,0,0,0,0,0,0,20,20,0,0,,,,,,,experiment
20260730_154016_qwen35_27b_avoidant,20260730,qwen35_27b,avoidant,0.3,,20,fused,1.0,1.0,1.0,1.0,0.8696900010108948,0.8685392141342163,0.8709585666656494,,0,0,0,0,0,0,20,20,0,0,,,,,,,experiment
20260730_154112_qwen35_27b_avoidant,20260730,qwen35_27b,avoidant,0.6,,20,fused,1.0,1.0,1.0,1.0,0.7772635817527771,0.7760294675827026,0.7789502739906311,,0,0,0,0,0,0,20,20,0,0,,,,,,,experiment
20260730_154228_qwen35_27b_cooperative,20260730,qwen35_27b,cooperative,0.0,,20,fused,1.0,1.0,1.0,1.0,0.9366782903671265,0.9341585040092468,0.9394334554672241,,0,0,0,0,0,0,20,0,0,20,,,,,,,experiment
20260730_154353_qwen35_27b_cooperative,20260730,qwen35_27b,cooperative,0.075,,20,fused,1.0,1.0,1.0,1.0,0.8772543668746948,0.8783961534500122,0.8763675689697266,,0,0,0,0,0,0,20,0,0,20,,,,,,,experiment
20260730_154501_qwen35_27b_cooperative,20260730,qwen35_27b,cooperative,0.15,,20,fused,1.0,1.0,1.0,1.0,0.9299006462097168,0.930725634098053,0.9291060566902161,,0,0,0,0,0,0,20,0,0,20,,,,,,,experiment
20260730_154556_qwen35_27b_cooperative,20260730,qwen35_27b,cooperative,0.3,,20,fused,1.0,1.0,1.0,1.0,0.9830556511878967,0.9831670522689819,0.9829453825950623,,0,0,0,0,0,0,20,0,0,20,,,,,,,experiment
20260730_154641_qwen35_27b_cooperative,20260730,qwen35_27b,cooperative,0.6,,20,fused,1.0,1.0,1.0,1.0,0.8799264430999756,0.8839666843414307,0.8760745525360107,,0,0,0,0,0,0,20,0,0,20,,,,,,,experiment
20260730_154728_qwen35_27b_resistant,20260730,qwen35_27b,resistant,0.0,,20,fused,1.0,1.0,1.0,1.0,0.9430357217788696,0.938517689704895,0.9479326605796814,,0,0,0,0,0,0,20,20,0,0,,,,,,,experiment
20260730_154816_qwen35_27b_resistant,20260730,qwen35_27b,resistant,0.075,,20,fused,1.0,1.0,1.0,1.0,0.852217972278595,0.8582888245582581,0.8471440076828003,,0,0,0,0,0,0,20,20,0,0,,,,,,,experiment
20260730_154915_qwen35_27b_resistant,20260730,qwen35_27b,resistant,0.15,,20,fused,1.0,1.0,1.0,1.0,0.9451494812965393,0.9431753754615784,0.9472149610519409,,0,0,0,0,0,0,20,20,0,0,,,,,,,experiment
20260730_155012_qwen35_27b_resistant,20260730,qwen35_27b,resistant,0.3,,20,fused,1.0,1.0,1.0,1.0,0.9550236463546753,0.9526357650756836,0.9576094746589661,,0,0,0,0,0,0,20,20,0,0,,,,,,,experiment
20260730_155109_qwen35_27b_resistant,20260730,qwen35_27b,resistant,0.6,,20,fused,1.0,1.0,1.0,1.0,0.8278521299362183,0.8281590342521667,0.8276007175445557,,0,0,0,0,0,0,20,20,0,0,,,,,,,experiment
20260730_155201_qwen35_27b_skeptic,20260730,qwen35_27b,skeptic,0.0,,20,fused,1.0,1.0,1.0,1.0,0.9307329654693604,0.9291514158248901,0.9323610067367554,,0,0,0,0,0,0,20,0,0,20,,,,,,,experiment
20260730_155243_qwen35_27b_skeptic,20260730,qwen35_27b,skeptic,0.075,,20,fused,1.0,1.0,1.0,1.0,0.9443731904029846,0.9478263258934021,0.941011905670166,,0,0,0,0,0,0,20,0,0,20,,,,,,,experiment
20260730_155327_qwen35_27b_skeptic,20260730,qwen35_27b,skeptic,0.15,,20,fused,1.0,0.8210526315789465,0.8210526315789465,0.85,0.9400716423988342,0.9406102895736694,0.9395442008972168,,0,0,0,0,0,0,20,3,0,17,,,,,,,experiment
20260730_155412_qwen35_27b_skeptic,20260730,qwen35_27b,skeptic,0.3,,20,fused,1.0,1.0,1.0,1.0,0.9448201060295105,0.9455965757369995,0.9441198110580444,,0,0,0,0,0,0,20,20,0,0,,,,,,,experiment
20260730_155500_qwen35_27b_skeptic,20260730,qwen35_27b,skeptic,0.6,,20,fused,1.0,1.0,1.0,1.0,0.8920364379882812,0.8935473561286926,0.8907627463340759,,0,0,0,0,0,0,20,20,0,0,,,,,,,experiment
20260730_155548_qwen35_27b_trauma,20260730,qwen35_27b,trauma,0.0,,20,fused,1.0,1.0,1.0,1.0,0.9936809539794922,0.9948512315750122,0.9925234913825989,,0,0,0,0,0,20,0,0,0,20,,,,,,,experiment
20260730_155635_qwen35_27b_trauma,20260730,qwen35_27b,trauma,0.075,,20,fused,1.0,1.0,1.0,1.0,0.9891376495361328,0.9891997575759888,0.9890760183334351,,0,0,0,0,0,20,0,0,0,20,,,,,,,experiment
20260730_155726_qwen35_27b_trauma,20260730,qwen35_27b,trauma,0.15,,20,fused,1.0,1.0,1.0,1.0,0.9580813050270081,0.9586622714996338,0.9575333595275879,,0,0,0,0,0,20,0,0,0,20,,,,,,,experiment
20260730_155818_qwen35_27b_trauma,20260730,qwen35_27b,trauma,0.3,,20,fused,1.0,1.0,1.0,1.0,0.910542368888855,0.9118989109992981,0.9092608094215393,,0,0,0,0,0,20,0,0,0,20,,,,,,,experiment
20260730_155917_qwen35_27b_trauma,20260730,qwen35_27b,trauma,0.6,,20,fused,1.0,1.0,1.0,1.0,0.8581889271736145,0.8604620695114136,0.8562507033348083,,0,0,0,0,0,20,0,0,0,20,,,,,,,experiment
